Strain (με),Temp (°C),Condition Label,total_accel,Seconds
61.84384884245218,23.7047595925526,0,9.752661264210074,0
82.79229978440996,24.953194766591373,0,9.799562695668005,1
91.72788933156713,25.02702530806667,0,9.73271423953341,2
137.7537531468038,25.70894551876511,0,9.791795602661077,3
111.13106249067516,22.94971245507876,0,9.623174980866594,4
73.29036861800218,25.888850910770994,0,9.832288938675736,5
109.72072578835274,20.94341255259584,0,9.825224715944087,6
99.05392022123269,24.055173171454285,1,9.741791363262148,7
121.65382107774148,24.26758923632268,0,9.88194632089718,8
90.57750696364243,25.949990239106857,0,9.906395879409732,9
98.12727622521658,25.033946279015304,0,9.658335027875127,10
186.51593295084385,23.82261425188483,2,9.765103643107365,11
74.256728628315,23.52251031127448,0,9.753247219156687,12
102.05763629774016,25.29802001432111,1,9.723308896048955,13
88.3280134730799,24.881398987203166,0,9.920151812948127,14
120.76757702038634,24.13131383554638,0,9.792250458213681,15
69.61307849046315,24.278749315732032,0,9.790216395402041,16
43.35688803778862,26.04425199573893,0,9.611172530163454,17
150.97682283182002,26.194583938074327,2,9.876162289389265,18
171.0348159982184,25.91517365629107,2,9.69075993517298,19
124.0052349947766,28.25490488212081,0,9.82708793251131,20
90.73677275829202,22.86447604467412,0,9.839476232444762,21
151.77146785767997,21.96895011736965,2,9.947982853526725,22
109.01828732181046,26.17538449719791,0,9.709843209692693,23
62.60516600609159,23.982035408058845,0,9.523563403624198,24
92.2295844963398,24.52264370838607,0,9.82931290621395,25
103.80847779850116,23.828265432803327,0,9.996023313620151,26
108.98437442570068,24.61029978884873,0,9.934599272842172,27
89.80386613618235,27.39780716814451,0,9.83433967005183,28
100.68882023411685,26.203192687927174,0,9.766050069190644,29
50.23345293174021,26.293335267830464,0,9.89266068462332,30
86.83503175332304,22.87565941631103,0,9.741398253526333,31
109.07017425108936,23.273269395170697,0,9.85836414551745,32
110.3541193149064,20.741382010771854,1,9.862847108114146,33
101.17968443179194,23.785928768375868,0,9.920150035411373,34
108.93745001605396,26.435054779578486,0,10.103653826761336,35
153.1490159828447,26.633001304751456,2,9.873780667331534,36
163.40927541993142,27.21687982260744,2,9.769596243200269,37
80.74534869430775,24.96654957442292,0,9.81576440486805,38
95.86777440607906,23.96667168613689,0,9.638393776886119,39
142.20432339178444,25.307138323602675,1,9.761644353691484,40
133.1394592193687,26.14881741922092,1,9.77472118934347,41
148.2693746087213,25.05994365366145,2,9.768716392489356,42
134.48432808581586,25.44947153175602,1,9.825617298376734,43
114.29219581273236,26.398652306432,0,9.738002891228753,44
59.00117442845044,24.377349566554944,0,9.927992849418986,45
123.18148129911796,26.05105091818088,0,9.812945554274181,46
93.27490522637856,29.221981666708828,0,9.825582954813665,47
108.5097986648046,24.843485810519663,0,9.787782576234994,48
123.94493847290455,25.589960575007986,0,9.848451228969159,49
72.56652605539068,23.892914374507917,0,9.894767454917167,50
115.81117995144906,25.271876743903075,1,9.724108941273807,51
94.2290260824859,25.690407437473457,0,9.747431079587965,52
84.32492957751143,25.292263510405206,0,9.781661459540118,53
134.69873151673616,23.470457020436715,0,9.681763091171375,54
82.86455812346415,25.30954265698817,0,9.730487207430432,55
118.88906441026266,27.193293908076456,1,9.763248111709979,56
104.08778063205952,25.67295364677179,0,9.904124325001739,57
135.95700947847823,27.511354107307376,2,9.872965491898979,58
92.08638576487472,24.644482044981057,0,9.834343499780703,59
106.3490652250035,26.124850359135564,0,9.898841522709342,60
93.34279191234978,25.41890175732479,0,9.833623190349904,61
98.13226282200104,23.57363390546915,0,9.86066145029664,62
119.41335775103258,25.477781507198312,1,9.821284092510705,63
69.71059381638466,23.51245500483953,0,9.840156789889706,64
136.43186422678477,24.05067958767281,1,9.768427128602537,65
135.09866143294482,25.28399246093856,0,9.57402442701518,66
130.36803261566877,25.445866410070185,1,9.833061658910955,67
104.50528234495098,23.216151302384308,0,9.953855093287462,68
143.85445510233717,26.580978656774317,1,9.903181046664244,69
74.61339006906601,25.85800941745071,0,9.907143005781066,70
134.0502931625921,23.942907346583677,0,9.821862817143705,71
104.04657592845604,22.693622805326235,0,9.818898688492151,72
192.6371379817822,26.503614332354157,2,9.908983605948812,73
85.33934008952022,24.33108442920826,0,9.784430846938987,74
136.3612384511565,25.16971068557953,0,9.782622491596427,75
145.50310988069566,25.05994365366145,1,9.885727550346603,76
111.06080171704716,21.988814708882487,0,9.931624064668737,77
104.68048908706297,24.41747959254826,0,9.806434818974143,78
95.029427638511,24.54157133339753,0,9.786493397238766,79
124.01063316947744,25.95049153716109,0,9.810831724297694,80
162.80719739696093,23.735044322191985,2,9.880424031783582,81
90.65860592825696,27.51801201005885,1,9.692267622225833,82
77.65627076585994,22.13253917402237,0,9.581657327675154,83
156.28308495614505,25.05994365366145,2,9.756076912232919,84
106.1999796633111,24.663521543682844,0,9.689956978441323,85
98.86823022200208,26.28937730851533,0,9.767940471244064,86
124.37941579587326,25.1197022260881,0,9.795980409566866,87
60.97796271922751,26.709333304038203,0,9.765982000543602,88
102.8717587301032,24.418957053170782,0,9.956611754352997,89
123.6404154922569,24.21945059199818,2,9.846655884786445,90
145.19424590968336,27.130756430906597,1,9.852444369572437,91
98.11082571115996,24.829779031176788,0,9.876879615083896,92
108.39219944048236,25.33233771043632,0,9.69662747086731,93
112.72234078820468,26.852127871067196,1,9.91694882066929,94
185.589298633155,25.05052261123902,2,9.803792346235863,95
150.83449328117703,25.893236346458885,1,9.879733958685987,96
111.67088606023776,24.115157865305665,0,9.721630054308134,97
127.4096550627312,24.80174596653344,1,9.658597101574523,98
111.59714570590263,25.108418448076435,0,9.892585437023476,99
85.86214864025303,22.7496672078296,0,9.861337089767888,100
117.11111318041424,23.831744435769348,0,9.759368996698147,101
132.9896178864784,27.026609338619707,0,9.743740183654065,102
121.41221119958372,26.329286782877197,0,9.925550420447792,103
85.40795060385182,24.90604063400915,0,9.696880337198776,104
107.22834634546206,25.36468518776934,0,9.979881141952367,105
104.13716912482704,24.558636241545315,1,9.75094571013426,106
111.44780622351352,27.03487507874197,0,9.879034110634642,107
109.01206825725076,24.699471133308755,0,9.779234031580112,108
62.60367320935672,25.34776313820227,0,9.88703228123435,109
136.76432312175274,27.799339932798976,2,9.755998602783517,110
94.33722206512466,23.83394277273114,0,9.793941164678424,111
93.98280505718348,27.33818377674534,0,9.817579042920478,112
75.8104612916239,22.70430788538493,0,9.738996129489562,113
137.77957458704367,27.4444631966692,1,9.88810835836405,114
165.02947217881024,25.38117681188765,2,9.774396913336943,115
96.11461736042962,24.63595187826208,0,9.81366876197301,116
84.88416999683274,22.164984743225585,0,9.71690770662821,117
180.97414252833127,25.72808467537741,2,9.57419666698149,118
133.10814226176592,23.440290203459675,0,9.798566398251019,119
90.32877032306926,24.08853048193979,0,10.059531366351132,120
87.75666165690359,24.79403355131668,0,9.898630816217711,121
109.82415330823991,25.05994365366145,0,9.817111849077724,122
92.83941240506029,25.31140502710094,0,9.798747241659225,123
97.21205598673532,25.461514980101672,0,9.826052519328092,124
114.79306303449344,23.356720916731657,0,9.892554746981292,125
121.81287824985417,24.468855001948825,2,9.69530752036418,126
126.3660464970534,27.69808752752697,0,9.925466364822121,127
131.45361048658685,23.89719844785513,1,9.881635524704537,128
91.7701371087564,27.484312378085946,0,9.88346497045998,129
98.21531691557102,24.6354082016787,0,9.86529353276186,130
99.24858710041038,25.00343190421525,0,9.81279961840256,131
125.3759739311015,26.991707758116867,2,9.900314480600615,132
159.8987645490647,26.907838632907985,1,9.874174134307474,133
100.82651264541236,24.83378115958137,0,9.778500478091502,134
138.8600426089475,24.41763541971769,1,9.782064026735496,135
119.03099541148086,24.91611932721668,0,9.829475831249137,136
139.576750848794,25.76018140322161,2,9.97305484836086,137
139.46943798070458,26.336955530304632,1,9.690516608575185,138
154.6471781820241,25.733751666128065,2,9.669446296358279,139
116.93541550432988,25.92832944703473,0,9.8271184798642,140
57.45545159297009,27.457539598406413,0,9.831585568670365,141
98.01811399517462,25.571964418397176,0,9.821924185851135,142
87.94358688432077,25.46747928400717,0,9.834623461301844,143
108.64525901268313,22.7216337623649,0,9.788127999364889,144
109.40088374736403,21.05390479475641,0,9.96174899658962,145
85.84748210355949,25.58256359384525,0,9.655841517477727,146
85.75652271647913,24.85776365307869,0,9.744794231260954,147
97.78669262885342,24.227825987627888,0,9.812591860540909,148
82.06715545369583,25.36529530627952,0,9.64943848911209,149
176.83967390904257,25.4122168733892,2,9.865436478249226,150
92.61585599105108,26.69167037595085,0,9.997582191568378,151
41.86023561356717,25.129166302388462,0,9.816081049421799,152
122.50355886756388,23.87961507239475,1,9.842679292682666,153
79.22912358312055,26.48524935843893,0,9.696902926014591,154
67.37448369078109,24.674303387580697,0,9.75542415769261,155
75.25146723554855,25.78980502550846,0,9.790673741536025,156
102.1881694366594,24.2838839407108,0,9.802579815102943,157
186.57281656496465,25.14682699932309,2,9.94257164864162,158
106.2636894772996,25.126252345278544,0,9.868216256270422,159
87.86993223568521,25.019242965315527,0,9.732189161340509,160
109.11808390341406,25.71974055305025,0,9.861463523500637,161
90.81819379562016,24.597031370035385,0,9.87474993616066,162
116.1079926167371,22.245460324344403,1,9.936720940595377,163
76.91274663534031,24.350839174617416,0,9.97696040197613,164
64.96342386496562,26.190727700715723,0,9.736829029444126,165
92.20152586881107,24.55393588113534,0,9.740895848682747,166
103.16106979840264,24.630424896228178,0,9.702420873258744,167
98.0675265997022,26.479564758858903,0,9.788501213887299,168
121.68066144105282,23.93204015911161,1,9.860022897595572,169
111.08507878606436,22.68579517263565,1,9.91271741643507,170
172.1649238336994,24.859945951007205,2,9.802790497430554,171
103.6573616010683,24.27373907312689,1,9.778171022425516,172
115.52055827686952,25.05994365366145,0,9.825726778052426,173
79.9556596214655,24.736932316151965,0,9.729469466504133,174
114.9512952529393,25.737258470870174,1,10.027144087542206,175
109.01828732181046,24.986067157648275,1,9.664153939995678,176
119.97195706228726,25.460471609029355,1,9.845202182147002,177
119.50624916955958,27.720111547773136,0,10.017066797666878,178
110.31256176887914,24.48568170766365,0,9.850126518387466,179
149.5684422405607,25.417522951967005,1,9.804524613550102,180
140.44285091867872,24.2361799561013,1,9.78339259989365,181
137.92660342939263,23.83349986357356,2,9.796473208221574,182
93.38421551344884,24.122638519873345,0,9.959488365203814,183
84.39601741765074,24.28186214271747,0,9.593643062621204,184
126.6114980807808,25.539213696320687,0,9.969641285078428,185
106.06422707147377,28.52361368005113,1,9.676303244151873,186
117.8739537877822,23.92593484558624,0,9.783591259548952,187
117.8590774021754,24.375062041576808,0,9.77177212573194,188
196.59240403432176,25.576747999194097,2,9.873410543395366,189
91.80626814741004,25.59369827306462,0,9.651169006914099,190
144.24644319160325,25.395326217932176,1,9.871933364199405,191
145.63303673077684,26.92614369092217,0,10.01426217457383,192
117.64716646132608,25.05994365366145,1,9.677111756729886,193
69.2991950493528,21.41960519470649,0,9.840718939451802,194
122.39979932184472,24.938412192577,2,9.759553656160314,195
174.25424057722662,27.826134639267995,2,9.85646972685449,196
62.33699583882832,22.651527952591607,0,9.813422975490113,197
92.55361894124154,20.488551490459365,0,9.746098453252468,198
108.7462637407792,25.856769109328813,0,9.873233464062197,199
103.70351073659828,25.36548583555407,0,9.991082027479832,200
138.50889728368344,23.364687389800856,1,9.795679144578868,201
104.44579711601708,23.521690598918607,0,9.887383966356362,202
125.57731626626789,23.54538442054799,0,9.687204676390548,203
80.95367238522405,25.16580297621091,0,9.723155452401306,204
116.46009723082938,24.06052708572549,1,9.857354359754412,205
144.54681109458352,25.93219557155561,2,9.971185159617772,206
116.6038362372522,20.71806000564341,0,9.848775823702244,207
118.00797176790128,23.7147222023083,0,9.788962764639917,208
109.02450638637016,23.310919058633424,0,9.891719770960263,209
123.66987333779856,24.615488982441263,0,9.69365850832818,210
76.43918265247238,24.19292836226479,0,9.878516076940576,211
133.34448223102274,26.19676566984365,0,9.904715197185864,212
130.46477243424516,22.210994842509912,0,9.770435540031844,213
114.71243994491492,25.06823721449613,0,9.763854863891783,214
135.6359781754212,25.83750463481756,0,9.846340462785612,215
66.86753584644453,27.78497115484293,0,9.77116878772197,216
89.51103727474697,24.277351043359783,0,9.80400144924949,217
115.29393078636096,25.486687906528772,1,10.02353207994076,218
144.42958647514686,22.29420581115645,1,9.807476412550907,219
78.99718520795709,21.412065693530465,0,9.805276323696544,220
115.14990298674972,26.26716156367255,0,9.761775259486349,221
157.41072287993427,24.991659559527893,1,9.895945824328281,222
173.90405800167997,28.463997005439168,2,9.803676991734571,223
109.01828732181046,22.93989566654537,0,9.746249615132252,224
80.24253318198501,25.77985320929313,0,9.94757241583498,225
83.0629806774927,27.80322676081578,0,9.95198766300953,226
124.99237810593334,25.6295584125359,0,9.7554168006364,227
115.58698007810663,25.414872258386573,0,9.630080650787688,228
99.21960961244912,25.012834121236526,0,9.935005614064599,229
91.6418090846822,22.643677814311133,0,9.745436079903197,230
59.48384253777246,25.05994365366145,0,9.897810243740075,231
78.58295162631123,24.0837135402924,0,9.613035823625843,232
138.22838174279445,25.756724884574524,0,9.901203012393188,233
74.39088857995067,22.65544854014312,0,9.713200557252783,234
103.78959642442162,23.23081050323833,0,9.897129357251668,235
120.14887946390397,27.152631098833357,0,9.843095814981483,236
104.90154663995416,24.479046566563238,1,9.721398473770197,237
103.69420949562166,27.179913214063816,0,9.77280434756982,238
148.7583107502131,24.882654011412225,1,9.895426197984415,239
160.24998643814502,24.07328629261198,2,9.821305233509472,240
157.36806111333536,26.33810139959758,0,9.868690313322547,241
66.62801482243609,24.115161523366588,0,10.010311805135899,242
121.1745705976776,26.048033220275563,0,9.661866288202592,243
126.5439652520707,25.037816301310123,1,9.976364086276918,244
175.4384030967335,22.55229661101105,2,9.83005491670091,245
138.82614303398492,25.24644214805585,1,9.810005914454509,246
85.33687605780007,28.2943347132292,0,9.681709292132759,247
104.5799278491868,25.739479687771688,0,9.80565332173,248
62.841970972034254,24.913723370491805,0,9.913904671682689,249
112.06495001142788,26.613015102935343,0,9.805047129937401,250
105.96316931981052,25.316002697804667,0,9.968057662499234,251
112.77320337286204,25.314301345394192,0,9.704278437435773,252
151.162366501743,23.362562241761346,1,9.821512768103473,253
107.3523968041942,25.3507720386844,0,9.70247380918004,254
102.96178839596551,26.553165124625416,0,9.85411905235567,255
82.37863326677416,23.745906771849963,0,9.918682843715748,256
115.75558472701898,27.13674373187042,1,9.76891232791979,257
153.7346924035466,24.862440963782312,1,9.553874940829246,258
128.72670811411956,23.668345732692188,0,9.832655653345835,259
95.23779127375892,26.496448115380367,0,9.859019832506759,260
100.92005494506547,24.569808646392595,0,9.850472052627843,261
141.90771250012466,27.3647536486174,2,9.965187140423598,262
123.4551369053489,24.562362051612197,0,9.711688582929314,263
113.30833647383557,24.910260784705144,0,9.878442872071409,264
138.824348729275,25.74034030650144,0,9.945351684102015,265
82.43353845640522,25.43634558638501,0,9.632528986429545,266
122.43984201963566,22.006702329322398,1,9.846023026202982,267
104.62891845051143,23.31813438985841,0,9.762968762358486,268
112.9297907545154,26.394114977186224,0,9.808938307692046,269
95.68664724904735,24.80179511664768,0,9.859695250495935,270
109.01828732181046,24.214403045842868,0,9.772485810530705,271
177.62815057847143,24.50289602026366,2,9.762593602575734,272
109.01828732181046,23.380395518086228,0,9.813874791285018,273
111.6745179887255,21.96730204005708,1,9.708522815018123,274
157.10885602210993,24.8480789219477,1,9.711840402237057,275
123.40397418393208,24.10234362912843,0,9.902593001164172,276
102.68592994495586,23.55011816352203,0,9.69751049034689,277
101.59195724752072,24.89781486224807,0,9.876821493666462,278
141.08115542231815,25.545955946279108,1,9.856999140621173,279
109.01828732181046,28.13979689831492,0,9.63756276395891,280
100.60062958328164,22.73217487065518,0,9.744375755172914,281
109.01828732181046,26.739071564950784,0,9.943073954917674,282
147.5291129100587,26.45965234152261,1,9.725351861916165,283
68.77013555116281,23.83136089093495,0,9.787347982134174,284
130.06839656857997,25.05994365366145,0,9.88166246089606,285
93.397598120671,24.313550125993576,0,9.90399182484483,286
95.76666036137648,25.27853287062811,0,9.787624274195572,287
117.44532187830988,27.263696520106823,1,9.75957673482192,288
94.23922252155847,25.908409348946968,0,9.97492172213075,289
158.37062690296074,25.762912559850164,1,9.987541156855363,290
50.24382686929841,24.35453602006804,0,9.937174136185005,291
125.53930772176376,22.773915002613496,0,9.820123821933693,292
106.76046962203417,25.05994365366145,0,9.816508959157689,293
75.85956704285569,26.809912232295872,0,9.727576188473794,294
78.49375213901524,22.70924821511553,0,9.864486511866575,295
133.52786054416407,23.41736594773496,0,9.859391777217674,296
81.08986240114538,25.1894016043511,0,9.950967969655341,297
76.93298978808082,23.523017822729106,0,9.878381236186062,298
122.7462908472946,23.81121482932718,0,9.662020592403074,299
109.01828732181046,25.17061964295401,2,9.917485671074354,300
81.24148846927203,22.951573893714777,0,9.716207175295482,301
104.33249950809238,23.53881723067545,0,9.774315218069816,302
79.48494632719445,26.055141875180965,0,9.83933697160179,303
152.0164279684521,23.038945326653558,1,10.012409762949398,304
151.2274192974627,22.603191798257743,1,10.124728444524951,305
110.64012397643886,24.05496253069916,0,9.878115292374886,306
137.23322122494034,26.09793325376477,1,9.793517422816452,307
135.22376249734748,24.704617288004663,0,9.870193547767707,308
99.99372654776452,24.30312838282657,0,9.899975711707837,309
106.36251749158396,25.06653819627341,1,9.77803764509998,310
138.98947825664612,22.381438850710524,1,10.009363564711549,311
141.7209409907423,25.74205848066255,0,9.821958410933169,312
109.70481013628296,25.575152547105468,1,9.821057472243611,313
92.77074466612028,24.386037288856414,0,9.88435492695227,314
138.32892076202904,26.508886767694623,1,9.865605832605798,315
98.92190301988522,23.30875585157044,0,9.90116644142922,316
80.35392839245371,26.691863489880355,0,9.749149078006427,317
122.4371571246094,25.23174049839288,0,9.756368277828718,318
146.4008144403452,24.49517111518274,0,9.700225326337499,319
103.92262918047814,24.97018954694753,0,9.854007742873124,320
81.91863420528,24.839102851283588,0,9.890782153478098,321
69.0207894989305,26.83042434462657,0,9.858856266734795,322
105.15951962442362,23.38498130879348,0,9.998240973081312,323
122.07754686632516,23.856221141280106,0,9.814101152790085,324
109.01828732181046,26.55445433810872,0,9.901340731188391,325
99.95192318162292,24.10669759722421,0,9.711139091219438,326
118.21456696421389,26.35079961599739,1,9.783075242096032,327
108.1567273456382,27.549153974513064,1,9.886261047461467,328
146.69502652649766,24.397307459587548,1,9.90106723507605,329
118.2754324277117,26.02204348986296,0,9.791378980655432,330
99.08540426618534,23.269461577990214,1,9.809662089937037,331
131.79677956361368,26.132099947101715,0,9.65845166127772,332
111.48142441788002,25.29913597898015,0,9.786631520722338,333
127.99189290291586,25.709557423240323,0,9.89945984055396,334
103.1574450302977,24.031641891946908,1,9.868088826697873,335
72.68351689169123,22.50837487664924,0,9.864892628278081,336
97.02061380465406,25.75487809712426,0,9.815870346423171,337
110.05568853790388,21.904895271280814,0,9.812179464454625,338
165.92721645853928,24.5239742616362,1,9.744569706117131,339
114.12157827630264,26.411772799629954,0,9.88307895882913,340
95.14637446375932,25.287846603809555,0,9.85236857031174,341
79.47261584668216,27.92251396718472,0,9.860347099767454,342
124.600011454383,26.53766372887266,0,9.765116663889268,343
80.7058914849857,24.019152417511638,0,9.599933737336556,344
132.56937109544643,25.04097006977716,0,9.929956711119235,345
124.31230700786982,24.928943946183345,1,9.798188758380116,346
131.811641452357,22.62673485498081,0,9.736920944974466,347
113.57862580118557,23.58940162527347,0,9.890203309738325,348
97.26009021115084,24.15885863953021,0,9.77124122438387,349
89.61207256347747,21.945669245716097,0,9.92264351660437,350
93.1818424530784,25.071240202377464,0,9.896394064924646,351
108.56633384750477,24.62639223302044,0,9.88304225705289,352
101.54312992435432,22.49065914803264,0,9.676204005954217,353
118.1237718386259,25.606319297916,1,9.937838307844162,354
96.68737179364736,26.07380911703644,0,9.871374115921224,355
101.571540594383,25.34055171829733,0,9.774447668531723,356
87.42531811170376,24.513897737186547,1,9.82536544228818,357
109.16336229577398,25.88716322762778,0,9.643075027803581,358
110.40557550566386,26.02033054071504,1,9.85103225569982,359
76.9333519358851,25.461105354579534,0,9.708314226752531,360
66.2531130577858,23.76308162434786,0,9.68721302118013,361
94.1221500426422,25.41490114826677,1,9.659426438568476,362
72.89104993775422,26.793220976238217,0,9.926294199667508,363
85.8195808473902,24.105056412082405,0,9.755878860137171,364
169.06518275053136,28.14690900869865,1,9.963944947478199,365
89.48240648209593,24.21155359902192,0,9.756654909835383,366
103.55500212536064,25.048610520010204,0,9.643330217711892,367
108.00962773012655,23.99127160599049,0,9.699303526376067,368
132.621303724317,25.33490625388039,1,9.937827319361046,369
158.45113078548013,23.46999536972701,2,9.815554476313922,370
76.0941247280151,24.18093730177492,0,9.76981994990681,371
129.01855096558424,23.36181819947715,0,9.844248349362541,372
196.1439328727577,26.404644803357023,2,9.92501744498819,373
66.34682611754629,26.49167106326336,0,9.841120683872283,374
79.5194281822724,25.969009280671827,0,9.955367237344117,375
124.40379315245988,21.44251095871166,1,9.782896374975511,376
110.70924410179616,28.06310447939182,1,9.684010968891455,377
140.11931106911732,25.442919910931305,1,9.808755916024026,378
85.43455595186774,23.835251289260498,0,9.854254766171994,379
143.30112135613206,25.23569187848641,0,9.719018353866161,380
123.81097188687193,25.26428473375404,0,9.71705155391386,381
104.2514806126443,25.05994365366145,0,9.886184086107473,382
120.53972526639464,25.05994365366145,0,9.80808674302493,383
152.11800848714617,24.08879156856954,1,9.816128479452177,384
88.72105023883513,24.39345701096497,0,9.734669115877477,385
113.6756551091607,23.97058129636737,1,9.806011988432925,386
101.56286125939296,22.85099306539052,0,9.729188124121757,387
117.23272248995887,25.218754705323075,0,9.903129984562254,388
102.78120797306836,25.877949154774505,0,9.917611490422132,389
68.46007035618005,25.77232539411456,0,9.81464686560304,390
83.94351112098315,26.22988787895285,0,9.720296036136302,391
109.01828732181046,27.100027613546736,2,9.681121448486897,392
128.4866879134834,24.20091175267465,1,9.763010967801831,393
139.45084353579617,26.25949579664678,0,9.808652956308485,394
72.28024115202004,22.963723690237096,0,9.666219101918426,395
170.1117848367175,25.764742381745155,2,9.729051798125644,396
129.7822621665658,23.553699892865133,0,9.722466010334418,397
145.42899490845593,26.620084088708964,0,9.837380660578681,398
91.91205153632076,26.414182771210115,0,9.825931742795177,399
169.828589054404,27.116658753019376,2,9.745907355431955,400
111.39520714397294,26.607894797817696,0,9.830645319656792,401
103.9096346310658,23.681075826382017,0,9.761815160649073,402
158.0230959752139,25.75067575566735,2,9.798718906362138,403
108.71950779000092,24.81223835742525,0,9.978272048173165,404
49.35507829560629,26.27032315582737,0,9.948392544422143,405
113.64138980125264,24.827163651171706,0,9.694727073665272,406
132.52355807323934,24.42258566738488,1,9.905374947685598,407
95.5505020644347,25.811362777841484,0,9.891679184150956,408
200.9372439143912,27.013690474452428,2,9.73016864840089,409
86.50131962418895,23.9974822077298,0,9.902201285195659,410
91.93848021869938,24.908386492971434,0,9.9709003514733,411
199.83106604409468,23.57895734614292,2,9.702549890285326,412
83.35877390300287,21.25290847376059,0,9.74746890063024,413
88.99769434126922,25.300689447120597,0,9.9141473407925,414
97.059491531383,25.913358034381947,0,9.843648289265495,415
116.814689642591,25.39310021363009,0,9.876131670756697,416
104.15605014706628,22.075657423368447,0,9.844449861303405,417
74.14749305695474,24.473725854885288,0,9.866083215338628,418
89.3566287374562,21.672478359923375,0,9.677387694932591,419
117.85291133575578,27.05455166148128,1,9.938571810483381,420
98.4555790955391,23.370918126822872,0,9.946122329038745,421
168.51687317259658,27.89579805317598,2,9.798133640395795,422
108.36411511775944,26.418804465526215,0,9.813213398015012,423
64.47976491903196,23.649114471195908,0,9.663914437481777,424
121.27881975121711,23.300822573098383,0,9.88758243266598,425
105.05137691993248,25.525555324579507,0,9.890705993605762,426
127.69064095187812,23.733513944225397,0,9.811524656200488,427
138.88396654581345,25.15372696323731,1,9.932669773841987,428
182.02645915471524,25.5412057708976,2,9.777867280155869,429
169.33090622900255,23.266694160625416,2,9.871971277892234,430
126.92451512405496,21.654297971313312,0,9.730368249858177,431
140.44501272035558,25.340026372741896,1,9.812682141639355,432
98.04169507114192,24.15766338050406,0,9.796492081199627,433
145.44869440893763,24.1703652746288,0,9.842982899191172,434
147.78074244559784,26.04379575864068,1,9.775029646029513,435
111.47488842008826,26.760163414948668,0,9.809312149491577,436
74.47391166923327,24.591182917957287,0,9.913000034040014,437
74.23384765072925,24.48910193963521,0,9.82437983449538,438
105.85430964283708,25.750214549670822,0,9.651874865010026,439
132.91042395536482,22.96459664545064,1,10.000498338880213,440
87.71754869983367,25.334729582121547,0,9.954377275438876,441
162.8196539922412,27.880477672462387,2,9.685054059208902,442
131.7725385608719,26.020345312626443,0,9.886664658816875,443
113.90804949100595,22.094870946246303,0,9.768281247930137,444
77.17982980494523,23.85796709528659,0,9.840340523219874,445
97.76982345714111,23.6826051207648,0,9.841314856655552,446
83.90067038294879,25.149830431613815,0,9.79220042052445,447
122.24600167182878,25.721116869651976,1,9.738836122439027,448
121.72768668740714,27.24506561116897,1,9.74429337979602,449
150.4470883479199,25.32050247364537,2,9.748089603139169,450
104.8972925605321,24.25364125253618,1,9.756974525133911,451
127.4469063696362,26.72450802831812,1,9.803584501749333,452
88.7878472630538,25.444865407795454,0,9.770821645975447,453
71.41102619995465,26.90147726678196,1,9.8799444850326,454
141.05944049003327,25.433092004514755,0,9.97556013074103,455
121.77539308433344,23.26432507193009,0,9.754665974635104,456
92.47398550150008,23.00030746783329,0,9.839507890613417,457
100.37638099481195,22.672731626411608,0,9.868955269597016,458
76.56691305364876,25.993077752137708,0,9.865815928190315,459
193.9144575562173,28.270751923465134,2,9.865581014430099,460
137.94577389546222,27.77404321207957,0,9.89109559900319,461
103.1338745649305,26.26465799848486,0,9.860658987687335,462
120.47061288370688,26.74425786630248,0,9.689806496013253,463
103.50573557867848,24.129975501019477,0,9.898505178912686,464
73.26549122248139,23.26537627488421,0,9.900525751807452,465
91.76353262072683,26.27511899862633,0,9.748296214282192,466
102.63855933543914,25.6265211283591,0,9.817138633287849,467
90.90904562513111,25.16116656151134,0,9.88612674245736,468
125.62693445129928,25.58105722094949,1,9.790015412646836,469
128.1720088498177,25.484778223687307,1,9.925537331416876,470
98.38243004269076,26.925725289780345,0,10.071755439230373,471
101.04516980994968,26.942478377225434,0,9.742094844253916,472
78.78789867206798,25.81633052851052,0,9.680585406942976,473
115.65967701744128,26.26870430884439,1,9.854803759368478,474
74.30831468600061,25.771093828637163,0,9.884352176133588,475
119.556310993724,24.30824540194807,0,9.78850894376203,476
87.88706116319351,26.13484701236971,1,9.961859829379138,477
123.0718068663385,22.908257396711107,0,9.723770746046185,478
127.72698794525688,26.580837328443824,0,9.885870791072715,479
93.95638826034757,23.208215590350942,0,9.751897740403333,480
107.93725824345402,27.25535974878137,2,9.982931602034823,481
122.77378876065418,23.73226906236076,1,10.02505700141525,482
128.71631677422363,25.83008347461164,1,9.738244728345386,483
79.78803560142174,24.949112161108136,0,9.757915684234657,484
89.69563212383514,22.607866062755,0,9.909103297588688,485
190.60390397726704,26.13182902008936,2,9.788858453360172,486
173.29854324603482,26.128804043959388,2,9.832408203216659,487
81.508717712438,26.32172008122005,0,9.836238366095628,488
98.04801660809136,25.00198853310161,1,9.638662821407337,489
93.45965364780456,25.593131478082057,0,9.810013621033002,490
95.73086441299124,23.563646567477186,0,9.781294750331258,491
109.92398374726632,24.11600165285896,0,9.762183015715138,492
89.29366574864682,24.31204204584837,0,9.957870002853392,493
170.22999150723723,27.00047962102757,2,9.778871181690974,494
138.70308080120458,27.516065631708237,0,9.910931164484833,495
116.31002044888524,23.792242372385687,0,9.806572481053585,496
159.03822985338456,27.63573459135098,2,9.792842543164918,497
156.3369905789341,22.548490532789888,2,9.899121787525624,498
92.86653731640256,23.208715898361564,0,9.854345593904608,499
123.61281824904287,23.56183231571984,0,9.873734210812572,500
87.45373108097394,22.97123696583892,0,9.924742974173455,501
100.90445417999965,22.62461741531863,0,9.788945819906527,502
161.0239580376217,26.7726931092434,2,9.779647581089321,503
149.96431614376937,25.93829496213407,2,9.70218905664726,504
72.55068904231798,25.569108096407664,0,9.729506728400457,505
109.01828732181046,26.035709029182268,0,10.108631192461722,506
98.77992056289231,25.3984254897588,0,9.94198026241442,507
170.00480938873142,27.07237942302076,2,9.699308159745652,508
89.32799387121666,24.8957015706366,0,9.691106646333921,509
124.41642597626095,23.219509917541384,0,9.864468421847214,510
82.4645243757631,26.586721271231195,0,9.864909073421959,511
134.24080568035785,24.11633180082831,0,9.867492414808172,512
65.04726980343477,23.59660555185636,0,9.804295666927445,513
108.69540129113784,24.7331231862934,0,9.799013789321341,514
169.50861365053248,24.022081724306755,2,9.889284051671758,515
144.08885864118236,24.788714073817463,2,9.857189206972423,516
138.48787875722024,25.5160808823452,1,9.592121269617547,517
125.59037339520316,25.52251260886919,0,9.79188722891233,518
55.66362321291871,23.65325490036156,0,9.74336139491796,519
110.05489614981629,24.26844194057688,0,9.84708978070951,520
50.134583593398446,26.611499507155365,0,10.111348223624201,521
140.68670392953584,26.27357008481379,2,9.8485379807005,522
132.5833272980189,28.112597559022813,0,9.784379763093403,523
88.36435933215893,26.77019226061229,0,9.90545662476737,524
136.52240071182055,27.609364447484317,2,9.86483488967923,525
156.04124542030638,23.757617654963447,2,9.869845050189719,526
141.35812676327106,26.14579052745013,0,9.881547231470508,527
63.36635505587948,24.920339797454638,0,10.017031039519312,528
78.9738017672131,24.173527294692622,0,9.706518728895801,529
129.94863366359252,25.252023010798798,0,9.859315282605268,530
137.15404687075466,26.417817301917225,0,9.744590522263398,531
97.93137551419431,25.75124738650632,0,9.866047542311016,532
135.21894594946716,25.25232322123449,2,9.719907030728454,533
141.91687003618318,26.11368837038893,0,9.77122077798898,534
131.88884783498395,24.043618686886056,0,9.792195033517839,535
113.57893975524466,25.32502467844643,0,9.912141203929066,536
83.7519530212516,24.5449748987843,0,9.90380694421477,537
109.01828732181046,24.67170062239656,1,9.82515470715946,538
96.7927983791034,26.149364462560765,0,9.854762980606601,539
106.61702609231156,23.439709420276152,0,9.742271902104761,540
129.02002876262674,27.9177926114154,0,9.830216080889382,541
147.58834082274808,22.26837089605825,1,9.807335100556163,542
78.45247846030483,24.103498475117718,0,9.789670245834843,543
157.52992900039075,25.55531783491261,1,10.066563281726953,544
106.26264280026312,25.876471249652965,0,9.857199041364792,545
113.74131591717833,24.84928641914244,0,9.678423088425493,546
129.33081718557207,25.05994365366145,0,9.754133002001643,547
137.76839500972898,27.162914901752163,2,9.936168908343037,548
159.28348842587076,25.222740993964926,2,10.034172655532355,549
89.3709089728157,27.08977188690236,0,9.651777728094993,550
68.64281149269088,26.259023671347403,0,9.622314906981966,551
106.9341995520984,26.309236526508453,0,10.006700252026658,552
150.23113103168848,23.550764914944374,0,9.852380550189892,553
63.19844510988494,24.880917363391447,0,9.72393557798865,554
159.3543877790106,25.64646780858806,2,9.897455899143724,555
172.81085870149548,24.973560647993587,2,9.819157980065494,556
102.46156403312362,25.54024627591865,0,9.814154121931447,557
97.73743894968518,24.19353136333028,0,9.85367412985732,558
104.01567273108353,25.983105744775354,1,9.903252408202013,559
134.65573485880327,23.394712655658505,1,9.714113003966094,560
84.86472045968148,27.57856091926273,0,9.840843300893082,561
56.20156590042893,23.65550101211191,0,9.748138433004398,562
123.89184441027462,25.32895350580065,0,9.839599566132332,563
119.16771639684085,26.1877889655821,0,9.729654351994572,564
101.0332195370216,24.14403935469983,0,9.770321488053419,565
104.58149376411406,26.278702965149424,0,9.729670406666639,566
121.48636025431122,23.15622460329937,0,9.880955819469511,567
104.48679313556164,27.17817654877384,0,9.922826086910709,568
118.08035109522628,25.02122389744864,0,9.788392931002534,569
94.050355982523,24.10538288804668,0,9.817039829136478,570
156.23967477147892,24.55122734135885,1,9.719214394176856,571
136.41571451865366,26.21337890408908,1,9.784170600452608,572
103.88103887211749,24.12331706222434,0,9.813642161679432,573
74.59877822575936,23.875963465865837,0,10.076123955075966,574
109.01828732181046,25.725984359630623,2,9.701462779407558,575
83.36090165011097,23.234556830845047,0,9.968451672278096,576
87.23434546943011,27.730815861912724,0,9.918540758078748,577
83.69248743367757,24.150408113177917,0,9.850523944436004,578
78.6753013620155,26.247425179270607,0,9.994711714658848,579
142.49542806033924,25.31420512547166,0,9.847917966044953,580
186.6267812397681,23.76993190918185,2,9.872570780126756,581
138.40735004288524,24.991067936180904,0,9.811259507017231,582
75.54209960888872,26.176004168966124,0,9.95570690090152,583
161.42507499821784,25.424050362060463,2,9.921794711134048,584
74.12984749591809,26.78966941877654,0,9.749934188414748,585
86.08610245605873,25.05994365366145,0,9.679201108617526,586
81.6374603316685,26.37837228198749,0,9.7936402343893,587
124.79168012883125,24.310514841590503,0,9.736350324245555,588
92.0754064379648,23.38023632832777,0,9.80704502712319,589
121.36758667388033,24.079618591955807,0,9.938972808720315,590
112.08241779177035,25.29436141100008,0,9.804569622186634,591
146.07277504209577,25.818680070298534,0,9.807644947515872,592
70.41111553720552,21.74264289285933,0,9.820057680372386,593
125.18466479573598,24.987830197582376,0,9.92508509964945,594
122.92881740801457,25.23713383798477,0,9.59131684377052,595
80.5324232394593,24.583683615526677,0,9.751435354721531,596
120.1426667294632,26.93691075852382,0,9.854861691265283,597
166.72289926052457,26.420254437613487,2,9.930090126542199,598
95.45047480093184,26.965287862121347,0,9.76390895252386,599
83.52129026056001,24.67605921947465,0,9.625180598304755,600
115.61781097101628,26.406216238760383,1,9.880619256160081,601
140.9962419157185,27.45259959179128,0,9.75188030190614,602
100.01365637914964,26.967540173908997,0,9.702525890228634,603
145.64260003062918,23.3617876098569,1,9.751472209954676,604
114.18201236664892,24.61948588368643,1,9.815347095598945,605
84.40294107556723,24.482252941825305,0,9.752302340889287,606
121.63969618499884,25.73388180261449,0,9.609079648980124,607
73.00847576896936,26.0295303325218,0,9.90050209536841,608
121.69572464189456,23.7416609889614,1,9.959387202103558,609
100.68054822144464,25.101757770875405,0,9.877491194461248,610
102.22745203680104,21.970109001765795,0,9.707579665698164,611
126.41813429967688,27.162917508702836,1,9.800431131880893,612
107.91639562191848,24.23143863898496,0,9.81518497966441,613
143.85711511635623,25.083795909766742,1,9.899570522381673,614
114.6927509091866,24.53552542901791,0,9.876923559632786,615
80.28392382664347,26.719041362520123,0,9.737050424301277,616
94.31689804142404,20.74374033790393,0,9.823202937035319,617
153.89525723753877,24.975084486511136,1,9.865773631387203,618
117.89294375147745,24.84127186375345,0,9.961768529065788,619
72.54281097037872,24.319545418612478,0,9.883309514390106,620
107.02959800704404,27.58933981845345,0,9.899325161904324,621
90.4354950125038,23.669005811716342,1,9.858649726834495,622
160.93869804120737,27.766934373289335,2,10.013056368306586,623
137.95534033491953,25.534379183059126,0,9.878563033046541,624
81.04214565462027,26.892278878803275,0,9.730496714989293,625
143.31353909016838,24.821170348524216,2,9.972027616624779,626
115.2805956314572,23.90054665131436,0,9.8873338764627,627
69.14396969580707,26.644104861216096,0,9.76573112356913,628
87.34489940229922,25.637981962495164,0,9.818798858406291,629
141.92882275163504,22.682593979984865,1,9.845206316480242,630
87.31428304621194,24.191042478305093,0,9.870260376956098,631
95.28060025578056,25.579573980772093,0,9.831739303245953,632
114.8837142063007,25.05994365366145,0,9.84681323851648,633
108.43092167073122,23.981154020210568,0,9.98511860724345,634
105.33636792590804,20.628616015274588,0,9.929586326226326,635
93.21755441459922,25.78483477860555,0,9.836339698028839,636
107.40122230537912,23.16951896508404,0,9.90497072524205,637
97.52534639800488,21.973991802816386,0,9.73414453828763,638
109.1561121985157,20.751511112523787,0,9.862653462976605,639
120.06135949764044,26.22097129029661,1,9.991099433781425,640
126.34862051240918,25.19292617560745,1,9.822399352015156,641
110.20084414895972,24.661515428931622,1,9.72916484298907,642
99.29984779987528,27.083536544444144,0,9.756163226798035,643
83.7799827274231,25.955987024534608,0,9.70655084218346,644
77.71907099676014,27.42445006408288,0,9.732715957487367,645
165.17322295710778,23.480371955666715,2,9.790191600888791,646
134.2547955171532,24.94817406406905,1,9.679302683067483,647
145.65747469897144,22.574929937577977,1,9.814334979234504,648
91.37748860849804,24.6559265022168,0,9.932857481118674,649
108.16105693673512,24.627076219349984,0,9.736592719245525,650
111.01595144547326,25.939920455894605,0,9.96813892234174,651
108.8954761566319,25.06834582171285,0,9.861581563719021,652
83.48692634395715,25.935110707419877,0,9.91918048096553,653
162.9872696454238,27.4823612002687,2,9.818278043359848,654
107.28280592109324,28.232393016074717,0,9.895865289229903,655
100.14356933815884,24.52705501707081,0,9.70093915377092,656
58.27044683257831,23.58846594900043,0,9.90691622446051,657
163.2097924794696,27.119262727475107,2,9.851837059848085,658
144.25062078794485,23.796579959290685,0,9.87134511798534,659
92.79921462486034,27.222941152654805,0,9.702017977123083,660
145.43845804289356,26.087988998518444,2,9.72688700272729,661
107.46697119422797,24.151635448189012,0,9.890234035081477,662
106.24756420933144,24.293026418273325,0,9.718243826925328,663
123.85470330832828,26.07762613520746,0,9.866315791749269,664
74.84263688182224,24.76337952515277,0,9.673341346830016,665
144.62760505149984,24.037499769804427,1,9.906947247216076,666
141.80844122502927,25.05994365366145,1,9.713987044328189,667
97.15706926118908,23.715745239007376,0,9.900446873540421,668
106.7737463584338,25.05334911104949,0,9.879353696709114,669
120.58914963196716,25.978459227415343,0,9.74775728662027,670
117.446307600569,22.55299733437439,0,9.888399229517058,671
77.13961375852543,25.720390752108887,0,9.837283560693413,672
116.40316373510969,23.417338486779325,0,9.760675621159406,673
98.70622789934964,26.234174171251,0,9.730397475763818,674
131.4574819603103,23.55602348212153,1,9.614265691416922,675
101.46393982003389,26.03915354777329,0,9.857366421410909,676
96.9951402240348,26.658749599442068,0,9.678588736020673,677
123.8341499421413,26.292154788449206,0,9.828110037433255,678
128.32564080301574,25.376974972357157,1,9.806325186658672,679
77.60907743233662,24.65304858560545,0,9.880300034374118,680
109.01828732181046,24.135370635497733,0,9.785661957399183,681
103.5738943362095,27.206552036225656,0,9.782079056738429,682
154.58429568594102,23.95075716974853,1,9.8885353723398,683
112.06189369897668,23.444400889645006,0,9.856680085141653,684
112.98929442505911,25.99805340254925,1,9.8696688091892,685
209.70379833357785,24.669328135107506,2,9.86882221765013,686
135.2955062195596,23.57490475380081,1,9.656632179981491,687
125.50781475998028,22.83459360674535,0,9.888344711310678,688
96.9657113284554,24.275635240809223,0,9.872452132316054,689
110.66718489410898,24.87592746415526,0,9.71053086626227,690
176.7893700903681,26.79823129790492,2,9.844649077231473,691
124.36389423508513,26.426959366449225,0,9.814912209143728,692
121.1473661075645,25.79034688549869,0,9.806609588450662,693
117.44394000145957,24.71369167067023,0,9.845067016542343,694
93.69826537611785,24.70270648543042,0,9.970551817935023,695
88.56507916087877,25.765236203372776,0,9.81505172149798,696
106.65215020648397,26.908855244392853,0,9.688186684976273,697
118.6625614468214,25.1894712992248,0,9.877301477661993,698
125.54558598446786,24.296303718684385,1,9.943491145654864,699
121.30343931428771,23.51070099837168,0,9.850490891318652,700
129.05233490972358,22.83219210338166,0,9.924102435623775,701
81.67358161853161,25.99940450806529,0,10.015267063931283,702
83.26158592407441,25.866967785459337,0,9.918280261382135,703
127.19249882189328,25.866045287659997,1,9.836022417483091,704
106.15225336378391,24.80701083047192,0,9.916439708074401,705
89.50865972465898,27.110402118837627,0,9.834065628075878,706
127.04405357734288,24.27382225812277,0,9.84301784735606,707
168.48133723036904,27.525389143347383,2,9.784230507346466,708
100.78894096481478,24.941885657515684,0,9.983609070125894,709
101.28180952262944,24.087473852980995,1,9.738715000123225,710
73.68368367144986,25.88879546097664,0,9.963344470548666,711
105.62018500563612,25.61445417802599,0,9.882858935108896,712
57.34808747690328,25.53545913890039,0,9.674151686067807,713
150.25274819288143,25.121917633084298,1,9.854631926062432,714
96.8369231125536,24.943160377424757,0,9.605740029999868,715
224.86185939189463,28.943381674904497,2,9.880367289388127,716
146.15832501232222,26.77638496779426,0,9.898790824372625,717
96.37101861504966,26.084240342478267,0,9.753696975288232,718
97.8732599493737,25.16769873730508,0,9.823238438838173,719
149.91163028004058,26.510735800895,1,10.008654559896481,720
134.06345219836075,25.776992164587178,0,9.773211672748351,721
97.23941885127968,25.039307129161053,1,9.712527060309782,722
124.27249069290627,26.318973159613147,2,10.008989613577597,723
147.55930388891238,26.48927146634854,2,10.029085968827006,724
111.65475166347728,20.24436139618292,0,9.815932949901862,725
109.93747181015196,25.31590125894646,0,9.912452004745646,726
151.39542909967702,24.26728587983446,1,9.95217322699575,727
76.00604943269383,27.38900499742433,0,9.737721520334825,728
53.67712274062247,25.029016106217632,0,9.779821375736699,729
117.1602839060429,23.21655487069756,0,9.933487435554087,730
83.4360745406953,24.925179768807823,0,9.98336726472903,731
59.63024271222724,23.430818372406243,0,9.86704995757685,732
102.90127491918764,25.7101111235687,0,9.735851723054731,733
115.86351376437356,25.436421046509228,0,10.016342355035572,734
97.55885735757444,26.4367594466624,0,9.769973242140209,735
90.8430322763502,23.813677312458157,0,9.781896782042821,736
96.81275535708188,25.05101214434222,0,9.853855509476043,737
92.58834475198434,22.952467306860047,0,9.982005658162212,738
73.03905776119666,26.052242172887077,0,9.913367573242416,739
85.70638646019137,25.778306770660183,0,9.867003736052757,740
110.42559810027628,25.74370753154136,0,9.863931370282087,741
106.43357082753,25.00242854703541,0,9.816163823795707,742
133.3611961193364,25.622159336183188,1,9.87396124801164,743
80.09703036293241,27.40650866246289,0,9.562353569710616,744
126.36993675728664,24.57235861443698,1,9.780733788921324,745
56.4586990711429,25.207967775565127,0,9.838642502947224,746
103.5695332777078,23.370810551227883,0,9.698711852039573,747
128.57715415627135,23.6976085576025,0,9.849119243801857,748
70.51735735915788,25.14671993963996,0,9.803245204222021,749
88.2814465336449,26.65590032005286,0,10.022252464913574,750
106.5821355742026,24.61557876362264,0,9.977619935205027,751
125.05685268854968,24.64612520603181,0,9.769778510597595,752
91.03550767399702,24.38967213324344,0,9.815391379641136,753
86.15499341468207,24.197864993733518,0,9.807941238099351,754
120.62153715167834,25.668556405408715,2,9.85032485023103,755
102.06876258616212,22.754113532232036,0,9.830703041197125,756
140.84152080287487,26.92140936500009,0,9.738526201863513,757
105.54716923929352,24.001866552805808,0,9.712408319083728,758
99.55442041632574,26.08285522815721,0,9.882382616011478,759
136.44164621533972,23.095002103909188,1,9.885349817025471,760
99.77815992102796,26.00326019581933,0,9.732184198969321,761
83.7397125547974,26.007916911721747,0,9.929309092054526,762
146.4655983135541,25.576303108008844,1,9.760114680106032,763
104.51523046223508,23.50835721730031,0,9.84163477054498,764
100.35226503867317,25.37432228439712,0,9.89751693947622,765
109.01828732181046,24.27217747111772,2,9.848964998692532,766
126.07015863869518,24.62085511735572,0,9.869922488373915,767
113.2940549066622,26.54411965143299,0,9.760239550077673,768
88.94158325265396,26.195052890606117,0,9.80683629337625,769
120.03649707363874,25.022774413810648,0,9.79172512050139,770
90.04858323229585,23.53779013611574,0,9.750074261137287,771
114.35993014977926,25.96838156826129,1,9.801221364892655,772
84.80593765039426,25.02907185654704,0,9.65972200240287,773
94.57862893823818,21.519526602654366,1,9.768016013655679,774
169.4308476083641,27.543063354882857,2,9.78962141969876,775
63.377102433233,24.963650749195462,0,9.786427923358657,776
75.43112337468474,26.80367687197461,0,9.786138286847395,777
58.488239818429335,23.357094221735792,0,9.804694918977294,778
158.2786061441821,21.27868115704637,2,9.870742136229403,779
126.99359079456256,25.41862578751778,1,9.910300778874504,780
93.46607573627271,25.43734551502296,0,9.753285967906027,781
79.14844610658847,22.463992558590324,0,9.700859904544783,782
76.5553249312672,23.53225068120009,0,9.710201461894366,783
169.28739727093148,29.83889846312585,2,9.775382808203053,784
109.01828732181046,24.541584078769294,0,9.789953920326306,785
106.3271664307229,26.09643846456433,0,9.736657020493542,786
112.29502627751556,24.024010258947424,1,9.689737992572564,787
103.62125485542164,21.864545651720263,0,9.764880081299163,788
126.06556074632128,24.74461262980614,0,9.848979239531902,789
111.72331600785569,24.601593159570843,0,9.88636254327561,790
91.7517236356704,24.400182641997443,0,9.754517724628336,791
105.14397940711856,24.82803874674041,0,9.769158086902785,792
155.18669650939574,26.571364265093152,2,9.72003623481211,793
100.15760369389456,25.05994365366145,0,9.812425718244478,794
93.48777895702992,23.103990748078957,0,9.732902666930512,795
96.71329588229216,25.72927718734291,0,9.867784144712926,796
104.2418670614835,22.075942367016367,0,9.63654254216548,797
80.13282600836098,21.9244638140737,0,9.779369781024137,798
109.68242346020044,26.10877074205235,1,9.810703500986639,799
102.22914892337576,25.760530408203035,1,9.862449127278495,800
67.9945779099258,24.913906952388945,0,10.080508653957395,801
75.65434615559042,22.906827242867397,0,9.847315796214668,802
103.18925013608258,23.938133588988887,0,9.721197395937187,803
142.14424969016233,25.17550147761933,2,9.851012140608397,804
110.27228928462192,22.60615904713883,0,9.644537929419792,805
130.69427497505126,23.89145701296515,1,9.807491490917721,806
60.62991573123893,25.97849550726502,0,9.728951843101395,807
173.0995116844338,28.66143513333272,2,9.939839250430099,808
146.2159729118342,24.37084787101217,1,9.76068693738712,809
110.12274650330292,26.134732531474143,1,9.80127572575599,810
108.40383085789983,22.1289098941188,0,9.747350558116526,811
82.87003525181602,25.989176861670416,0,10.005015363519087,812
101.95340753496671,23.794077377908778,0,9.781754421907307,813
104.71003186090068,25.461018425061955,1,10.002497097706181,814
64.13787094930846,24.62837137264044,0,9.905059029435701,815
152.34365620774062,27.465108377102094,2,9.831515255642996,816
127.52542107450329,23.68834652749012,1,9.864532319998649,817
92.04640612770793,25.941409446342742,0,9.849614320325369,818
106.3193888355488,24.5807388050552,1,9.631662458001088,819
92.00201875737726,24.762541782985505,0,9.78342179178804,820
105.38589505161468,24.724219160261185,0,9.903571973643785,821
99.10213939754928,23.73149034325883,0,9.829566724273734,822
103.65002061198427,24.978851551139996,0,9.672059608556427,823
116.59769599091534,24.906027666817263,1,9.805643440175796,824
123.4343582943232,25.361860372610096,0,9.99080988693333,825
76.47653326890439,25.12675771853929,0,9.951362247623734,826
109.75120594173436,26.196991824418355,0,9.820355296575217,827
153.63782185919922,26.385262924071053,1,9.81009916947817,828
109.61816185497791,23.424065017258297,0,9.773716524877551,829
125.9495154587034,26.303158750886155,1,9.644345923700186,830
89.43405906674042,23.220495359335217,0,9.721712406235916,831
120.72175302092512,25.8817838322066,0,9.974939754597662,832
71.54050149476654,25.929608177054305,0,9.785691191754921,833
80.59751479240713,22.133024662506244,0,9.787710994582378,834
122.04884469016557,25.139468869794115,1,9.784770100918099,835
124.75307515023997,24.297255829959525,0,10.017103766940687,836
137.5953527208179,23.861852113096937,1,9.974196508833403,837
80.6390848297951,27.02627849604851,0,10.036228186362967,838
93.79384589230192,24.01948128904387,0,9.794504867406044,839
147.7135371180741,25.55560188850013,2,9.853753202359744,840
115.8042201553293,25.11354241000764,1,9.680266533576853,841
119.5777911711356,26.028384619447625,0,9.96474801666462,842
72.56513741472989,24.78752712098481,0,9.693940931132392,843
132.17561711468747,26.74955581850388,0,9.831921328452749,844
116.56459380369246,25.79646349294613,0,9.706292256520967,845
151.81723341207396,21.73268302040285,1,9.766859942751854,846
120.74120975949484,24.20579955473949,1,9.790208834808373,847
97.0011856184178,24.157236850972453,0,9.7554258862176,848
131.33696370950577,25.991514127598855,2,9.758543329428935,849
89.50675185866393,21.06277441543883,0,9.758890042300985,850
109.87309695286302,28.823514563076586,0,9.909060051921058,851
125.92126123562792,25.79653914234132,0,9.701412029857233,852
77.85686366395097,25.22331520587654,0,9.842386046511363,853
92.68988126029468,26.77235157462872,0,9.945465291188077,854
96.97401559534956,28.515481079218937,0,9.762255676308051,855
72.0842159561503,26.306119966882605,0,9.750361890656501,856
111.826984835168,26.42321964470743,0,9.788256746284727,857
115.52019336514782,25.19603503669657,1,9.928559983712079,858
96.09219297645951,24.787711369949577,0,9.831554773420356,859
90.96101256176244,24.286306833992647,0,9.757151681376397,860
114.21322988560652,23.760832012428185,1,9.866242558335061,861
159.8591002903889,24.986882620700676,2,9.794508108762852,862
155.68780842863956,23.40058629797967,2,9.93097098291645,863
92.56284235442668,24.886192823972465,0,9.86034331792681,864
85.43076756639314,22.47299863416042,0,9.792619901234906,865
106.39049341565912,25.286374786215568,0,9.731450831534548,866
133.0723453698457,24.945504087936488,0,9.72186334637963,867
162.79774465678253,25.934810960537938,2,9.911287097262834,868
119.92236429822258,24.216802644970013,0,9.95195135823404,869
72.19556149693075,29.615290555270757,0,9.752056921190748,870
103.1552287858754,27.04017385027047,0,9.858958776395141,871
78.05263362057866,23.13318624987292,0,9.610654317268773,872
100.46150144936198,25.349302131140348,1,9.754354311547857,873
85.21257185081927,24.087990785594016,0,9.814774199993826,874
123.83798668827146,25.05994365366145,0,9.742932299125469,875
119.00031657339292,22.9898918933141,0,9.71905349433744,876
104.860094441088,25.64832503613888,0,9.743655512236982,877
69.34598880220139,23.97792964739564,0,9.85217320930515,878
96.07438697224126,26.451739036037807,0,9.800737974753671,879
106.03400017803472,26.490673321795654,0,9.620460304218753,880
133.51072459157194,27.06087157781717,1,9.611126507556179,881
123.12412833038508,24.698455436518763,2,9.759709886232427,882
142.19364303960256,27.05471067179606,2,9.890589523812721,883
158.71844471702565,26.83862445933604,2,9.570679610886906,884
110.7258181903438,24.28873273734405,0,9.776099443890981,885
56.07744357800107,23.84234206391069,0,9.761969564193262,886
96.75752049040284,27.41428099866396,0,9.95023096267333,887
132.86097539757904,25.34124381359808,1,9.780056036246048,888
176.99223977032426,26.215145422607883,2,9.877447091690087,889
143.85715168474871,23.76688598225811,1,9.836818515736748,890
111.6514263761761,23.171073300216708,0,9.598150073780038,891
144.00118986596132,24.7039657679163,2,9.960051363990816,892
61.83995725753385,24.813967918915004,0,9.837850674007843,893
92.13894485877198,23.403669989773977,0,9.869576580338096,894
120.0326365041712,24.985232787024422,0,10.20508342673134,895
127.86909055048864,22.46724221789725,0,9.602033483959714,896
114.2109820459557,23.319928866295196,0,9.99408066825097,897
108.58681645603468,26.006366872415317,0,9.789396341649546,898
107.5927929677193,25.90568578041684,0,9.842184067331315,899
88.87762506478438,24.4121848519197,0,9.80830136052729,900
127.3987941289276,23.47335353638457,1,9.768090873647674,901
133.3813905165266,23.458894672710983,0,9.759368277797025,902
81.14883988416247,24.44009763108803,0,9.851044543886477,903
162.29557581419704,25.966777737467936,1,9.659836801500353,904
153.55943691015884,27.61661126411471,2,9.907900533633288,905
126.50864218190156,24.255202396777047,0,9.788246840485716,906
71.86369981004924,23.269761361022823,0,9.705465442839687,907
111.718084023293,25.4017654567995,0,9.773483999871623,908
85.26459728104756,23.764697544061224,0,9.95697947875664,909
71.69465616151625,24.2226210417082,0,9.770737362436353,910
134.3706808482189,26.98791413565556,1,9.871737415270195,911
120.18943577191938,26.240673142848653,0,9.73907305068064,912
109.01828732181046,25.236961468377174,1,9.904015790504886,913
100.01968079083198,23.092121498330915,1,9.89496550104602,914
158.1631047133009,26.388808134634733,2,9.999853575071615,915
98.25129342445638,26.59398593618129,0,9.796992624907237,916
170.96639255108997,24.810949933034856,2,9.905578346337947,917
118.99189142728976,27.026671134980077,0,9.820849579513585,918
98.81169637455012,26.93911793427731,0,9.940766666221776,919
137.11006629588525,27.49559924821521,0,9.761518642821715,920
104.48469489070584,25.45786468979703,0,9.891841590928818,921
123.071469879862,25.88108754970902,1,9.79620126827566,922
67.76865281794343,27.121280932496635,0,9.806093551323523,923
94.74680959367664,25.671090905603464,0,9.84539986707677,924
93.27226109177728,24.24814883831468,0,9.84969618230119,925
119.2060959256294,24.327185745208208,0,9.829166855915128,926
109.24967248133709,25.357832430660608,0,9.832496942898935,927
106.41261756734764,23.064157867080677,1,10.00756142611049,928
103.44508772822076,24.78511162695371,0,9.925966638083736,929
113.43062343458108,26.64482067734538,0,9.905187483955302,930
130.5606271877567,21.71311922325208,0,9.78187600596037,931
117.7500793482812,27.30172315269177,0,9.722405031493503,932
115.21693308622956,26.68356132805474,0,9.927520497526382,933
101.20171989230327,24.310353076254284,0,9.930223219422396,934
167.766240108469,27.38306016477963,2,9.970055851304274,935
124.99009801412318,25.00472159035949,0,9.754711423883736,936
73.344452050407,26.844985552658024,0,9.790357398092063,937
93.01121345566088,26.47402471415491,0,9.651827004362866,938
114.54862502487518,22.899893915225487,1,9.770809205467115,939
107.58306237452248,25.880893620196264,0,9.917528400439066,940
124.60444351301577,24.69155821953513,0,9.7675648746474,941
118.06051426557852,25.12424885577715,1,9.881643624965095,942
52.19391265061124,23.90774214854528,0,9.791536208964294,943
91.7555850995106,27.62220560368125,0,9.859747856907644,944
118.26947464034814,26.560092729853864,0,9.701177961316413,945
110.7525980589976,23.89034325404055,0,9.82983226736669,946
109.01828732181046,22.99808408963465,0,9.513155288709726,947
94.4001339625104,24.421491053533227,0,9.797145762522836,948
74.41938527560427,25.65175396913696,0,9.647241207310694,949
110.30588643248934,25.36030876591933,0,9.945097836442214,950
83.3143637993075,26.87969923715237,0,9.895549092743739,951
203.68193466760917,25.05994365366145,2,9.862695144108441,952
141.41014416709032,26.45435353862936,1,9.984974796693717,953
118.387033948921,25.49028310091565,1,9.71772034641927,954
87.77229505222743,22.916051904683517,0,9.998866339741548,955
98.14111586772825,24.70645220327965,0,9.924455678334251,956
95.209961559565,26.590134609863,0,9.832466941375795,957
122.3366755105991,24.922715607213032,0,9.930089285920024,958
163.72832339488093,26.923376590298822,2,9.817186537986762,959
85.36736522182943,24.5218775271308,0,9.729473314721115,960
137.80881370311565,23.455282227187237,0,9.757305688636363,961
100.98616663040444,24.814983903930838,0,9.758532724489363,962
115.37679351937794,25.46357116454898,0,9.70860474520853,963
87.83546985110482,24.016468420807836,0,9.933743287054666,964
107.26231255489049,24.646433132715,0,9.793685431379863,965
106.2221998228639,23.590805137021025,0,9.847519370648664,966
92.20701415807694,26.678867376346144,1,9.779167126063602,967
140.30550220921282,24.558316363617948,0,9.628124763368566,968
185.81288921845092,27.574052845982195,2,9.842962987360934,969
109.01828732181046,27.293121775811365,1,9.628634055713883,970
77.95460519088289,24.878431052917385,0,9.84486473291402,971
136.95123227607104,23.48732690117897,1,9.690219860210114,972
101.73395398828794,21.871153183399997,0,10.01081284369119,973
167.11337897126458,23.63922203923897,2,9.91690401866284,974
103.8315479238818,22.93924776265201,0,9.83761245149069,975
110.12481978611852,25.05994365366145,0,9.943017700097894,976
128.94611398783613,25.17373688084042,0,9.756657231056794,977
111.36206410257292,25.584406786137983,0,9.878507385391332,978
139.00689002180118,23.645827177842065,2,9.818180290529737,979
127.25125705424904,23.203050356174103,0,9.843543485378143,980
132.81229126976575,26.33061966466943,0,9.946669736101448,981
163.0411346902417,25.43016116857388,0,9.889293125049353,982
137.53011933520804,25.40479218396158,2,9.85365493367273,983
104.8576402630055,25.847263537900183,0,9.648749079757591,984
58.35802593622026,27.45369670920372,0,9.72142797862979,985
111.06298312758418,24.668436304694424,0,9.810516448126293,986
119.03599403666456,25.104054703987103,1,9.833528162868316,987
138.46891589649906,25.28889537809696,0,9.6991155802508,988
84.50770059962836,25.05994365366145,0,10.052006102033783,989
66.21633924065478,21.850965603371463,0,9.964729135202855,990
120.5747251859496,26.02483452218321,1,9.87723595926251,991
60.49024457565725,24.827796626861403,0,9.823960670963094,992
115.0219890901462,25.850157589276268,0,9.793222556667743,993
58.69833907487359,24.013941169007914,0,9.720026015026619,994
130.56915162366317,24.92655245371233,1,9.823649949904963,995
118.44376360287606,27.60861583845668,2,9.920666183287402,996
93.59404390926716,29.66936530156576,0,9.69134355323201,997
132.86756311609068,26.212054284103107,0,9.845030529865912,998
109.01828732181046,23.72790160295424,0,9.798528899237137,999
